Ubic.técn.,Descripción del Objeto Tecnico,Texto breve de material,Texto breve orden,Fecha, Horas de Vida 
BE02-P1-LR2-FI01,Llenadora Botellas Línea 2,LAMPARA UV -HOZFR 200 D22U 240E251,CAMBIAR LAMPARA UV LLENADORA BOT L2,2/24/2018,  -   
BE02-P1-LR2-FI01,Llenadora Botellas Línea 2,LAMPARA UV -HOZFR 200 D22U 240E251,CAMBIAR LAMPARA UV EN LLENADORA L2,5/10/2018,"  1,800.00 "
BE02-P1-LR2-FI01,Llenadora Botellas Línea 2,LAMPARA UV -HOZFR 200 D22U 240E251,CAMBIO LAMPARA UV L-2,8/3/2018,"  2,040.00 "
BE02-P1-LR1-FI01,Llenadora Botellas Línea 1,LAMPARA UV -HOZFR 200 D22U 240E251,CAMBIO LAMPARA UV L-1,8/3/2018,  -   
BE02-P1-LR2-FI01,Llenadora Botellas Línea 2,LAMPARA UV -HOZFR 200 D22U 240E251,CAMBIO LAMPARA UV SIST.ALIMENTACIÓNTAPAS,12/14/2018,"  3,192.00 "
BE02-P1-LR1-FI01,Llenadora Botellas Línea 1,LAMPARA UV -HOZFR 200 D22U 240E251,CAMBIO LAMPARA UV LLEN  x 1500 HORAS L-1,3/22/2019,"  2,352.00 "
BE02-P1-LR2-FI01,Llenadora Botellas Línea 2,LAMPARA UV -HOZFR 200 D22U 240E251,CAMBIAR LAMPARA UV X1500 HORAS LLEN L2,7/16/2019,"  2,784.00 "
BE02-P1-LR2-FI01,Llenadora Botellas Línea 2,LAMPARA UV -HOZFR 200 D22U 240E251,CAMBIAR LAMPARA UV  L2,11/11/2019,"  2,832.00 "
BE02-P1-LR1-FI01,Llenadora Botellas Línea 1,LAMPARA UV -HOZFR 200 D22U 240E251,CAMBIAR LAMPARA UV LLENADORA L1,2/17/2020,"  2,352.00 "
BE02-P1-LR2-FI01,Llenadora Botellas Línea 2,LAMPARA UV -HOZFR 200 D22U 240E251,CAMBIAR LAMPARA UV HORAS DE SERVICIO,7/27/2020,"  3,864.00 "
BE02-P1-LR1-FI01,Llenadora Botellas Línea 1,LAMPARA UV -HOZFR 200 D22U 240E251,CAMBIAR LAMPARA UV DEFECTUOSA,10/22/2020,"  2,088.00 "
BE02-P1-LR2-FI01,Llenadora Botellas Línea 2,LAMPARA UV -HOZFR 200 D22U 240E251,CAMBIAR LAMPARA UV LLENADORA L2,11/2/2020,  264.00 
BE02-P1-LR2-FI01,Llenadora Botellas Línea 2,LAMPARA UV -HOZFR 200 D22U 240E251,CAMBIAR LAMPARA UV LLENADORA L-2,6/1/2021,"  5,064.00 "
BE02-P1-LR2-FI01,Llenadora Botellas Línea 2,LAMPARA UV -HOZFR 200 D22U 240E251,CAMBIAR LAMPARA UV,12/1/2021,"  4,392.00 "